# نام	گروه	معنی	ریشه و توضیح
آذر	هر دو	آتش	از اوستایی ātar «آتش»؛ نام ماه نهم سال و یکی از ایزدان.
آرش	پسر	کمانگیر نامدار ایران	اسطوره‌ی کمانگیری که تیرش مرز ایران را نشان داد؛ در اوستا به نام Erexša با لقبِ «دارنده‌ی تیر تیزپرواز» آمده است.
آرمان	پسر	آرزوی بلند، هدف والا	از واژه‌ی پارسی «آرمان».
آریا	هر دو	آزاده، شریف؛ آریایی	از پارسی باستان و اوستایی ariya / airya «آریایی، آزاده»؛ نامِ نیاکان ایرانیان.
آریان	پسر	آریایی؛ سرزمین آریایی‌ها	برگرفته از «آریا»؛ ریشه‌ی نام ایران نیز از همین واژه است.
آزاد	پسر	رها، بی‌بند	از پارسی میانه āzād «آزاده، نژاده».
آبان	هر دو	آب‌ها	از اوستایی Āpas «آب‌ها»؛ نام ماه هشتم و ایزدبانوی آب‌ها.
اردشیر	پسر	دارنده‌ی شاهیِ راستی	از پارسی باستان Artaxšaça: arta «راستی» + xšaça «شاهی».
ارژنگ	پسر	نام نگارخانه‌ی مانی؛ نماد زیبایی	ارژنگ یا ارتنگ نام کتاب مصور مانی نقاش است.
اسفندیار	پسر	آفریده‌ی خرد پاک	از اوستایی Spəntō.dāta «دادِ خردِ مقدس»؛ پهلوان شاهنامه.
اشکان	پسر	منسوب به اشک، بنیان‌گذار اشکانیان	از Arsaces (اَرشَک)، نام نخستین شاه پارتی؛ فرمانروایانِ اشکانی (پارتی) از او نام گرفتند.
امید	پسر	چشم‌داشتِ نیک، آرزوی برآمدن	از پارسی میانه ummēd.
انوشیروان	پسر	دارنده‌ی روانِ نامیرا	از پارسی میانه Anōšag-ruwān: anōšag «نامیرا» + ruwān «روان»؛ لقب خسرو یکم ساسانی.
اهورا	هر دو	سَرور، خداوند	از اوستایی ahura «سرور»؛ در اوستا لقبِ اهورامزدا.
ایرج	پسر	ایرانی، آریایی‌نژاد	از ریشه‌ی «ایر» (airya)؛ در شاهنامه کوچک‌ترین پسر فریدون و شاه ایران.
ایران	هر دو	سرزمین آریایی‌ها	از پارسی میانه ērān و اوستایی airyanəm «آریاییان».
بابک	پسر	پدرک، پدرِ کوچک	از پارسی میانه Pābag؛ نامِ پدر اردشیر بابکان.
بردیا	پسر	والا، برجسته	از پارسی باستان Bardiya؛ نام پسر کوروش بزرگ.
برزو	پسر	بلندبالا، شکوهمند	از «برز» به‌معنی بلندی و شکوه؛ پسر سهراب در شاهنامه.
بهار	هر دو	فصلِ نخستین سال، شکوفایی	واژه‌ی پارسی از پارسی میانه wahār.
بهرام	پسر	پیروزی، شکست‌دهنده‌ی دشمن	از اوستایی Vərəθraγna «پیروزی»؛ نام ایزد پیروزی و پنج شاه ساسانی.
بهروز	پسر	روزِ نیک، خوش‌بخت	از «به» (نیک) + «روز».
بهزاد	پسر	نیک‌زاد، نژاده	از «به» (نیک) + «زاد».
بهمن	پسر	اندیشه‌ی نیک	از اوستایی Vohu Manah: vohu «نیک» + manah «اندیشه»؛ نام ماه یازدهم.
بهنام	پسر	نیک‌نام	از «به» (نیک) + «نام».
بیژن	پسر	پهلوان شاهنامه، دلداده‌ی منیژه	از پارسی میانه Wēžan؛ در معنای دقیق آن میان پژوهشگران گفتگوست.
پارسا	هر دو	پاک‌دامن، پرهیزکار	از واژه‌ی پارسی «پارسا».
پرویز	پسر	پیروزمند، کامیاب	از پارسی میانه Abarwēz/Parwēz «پیروز»؛ لقب خسرو دوم ساسانی.
پویا	پسر	جنبنده، کوشا، در پویش	از مصدر «پوییدن» (دویدن، جُستن).
پیروز	پسر	پیروزمند، کامیاب	از پارسی میانه pērōz «پیروز».
پیمان	پسر	عهد و قرار	از پارسی میانه paymān «سنجه، پیمان».
جمشید	پسر	یمِ درخشان	از اوستایی Yima Xšaēta: «یم» + xšaēta «درخشان»؛ پادشاه اسطوره‌ای و بنیان‌گذار نوروز در شاهنامه.
جهانگیر	پسر	گیرنده‌ی جهان، جهان‌گشا	ترکیب پارسی «جهان» + «گیر».
خسرو	پسر	نیک‌نام، دارای آوازه‌ی نیک	از اوستایی Haosrauuah: hu «نیک» + sravah «آوازه»؛ نام دو شاه ساسانی.
خشایار	پسر	شاهِ مردان، شاه دلاور	از پارسی باستان Xšayāršā؛ نامِ شاه هخامنشی.
خورشید	هر دو	خورشید	از اوستایی hvarə xšaēta «خورشیدِ درخشان».
دارا	پسر	دارنده، فرمانروا	صورت کوتاه‌شده‌ی نام داریوش؛ آخرین شاه هخامنشی نیز دارا (سوم) نام داشت.
داریوش	پسر	نگه‌دارنده‌ی نیکی	از پارسی باستان Dārayavahuš: dāraya- «نگه‌داشتن» + vahu- «نیکی».
دلاور	پسر	شجاع، دلیر	ترکیب پارسی «دل» + «آور».
رامین	پسر	شادی‌بخش، آرامش‌دهنده	از ریشه‌ی «رام» به‌معنی آرامش؛ دلداده‌ی ویس در منظومه‌ی «ویس و رامین».
روزبه	پسر	روزِ نیک، خوش‌روز	از پارسی میانه Rōzbeh: rōz «روز» + weh «نیک».
زال	پسر	سپیدموی، پیر	پدر رستم در شاهنامه که با موی سپید زاده شد.
زرتشت	پسر	نام پیامبر ایرانی	از اوستایی Zaraθuštra؛ در معنای دقیق آن گفتگوست، از جمله «دارنده‌ی شتر پیر».
ساسان	پسر	نیای ساسانیان	نام نیای خاندان ساسانی؛ در ریشه‌ی آن گفتگوست.
سپهبد	پسر	فرمانده‌ی سپاه	از پارسی میانه spāhbed: spāh «سپاه» + bed «سرور».
سپهر	پسر	آسمان، گردون	از پارسی میانه spihr «آسمان».
سپنتا	هر دو	پاک، افزاینده، مقدس	از اوستایی spəṇta.
سروش	پسر	فرمانبری، گوش‌به‌فرمان؛ پیام‌آور	از اوستایی Sraoša «فرمانبرداری»؛ ایزد پیام و نگهبانی.
سهراب	پسر	دارای آبِ سرخ، درخشان‌آب	از «سُهر/سرخ» + «آب» (بر پایه‌ی یک خوانش)؛ پسر رستم در شاهنامه.
سیاوش	پسر	دارنده‌ی اسبِ سیاه	از اوستایی Syāvaršan «دارای نرِ سیاه»؛ شاهزاده‌ی بی‌گناه در شاهنامه.
شاپور	پسر	پسر شاه	از پارسی میانه Šābuhr: šāh «شاه» + puhr «پسر»؛ نام دو شاه ساسانی.
شاهرخ	پسر	دارای چهره‌ی شاهانه	ترکیب پارسی «شاه» + «رخ».
شاهین	پسر	پرنده‌ی شکاری، باز	واژه‌ی پارسی؛ نماد دلاوری و بلندپروازی.
شهریار	پسر	پادشاه، فرمانروا	ترکیب پارسی «شهر» + «یار» (دارنده).
شیرزاد	پسر	زاده‌ی شیر، دلیر	ترکیب پارسی «شیر» + «زاد».
فرخ	پسر	خجسته، فرخنده	از پارسی میانه frox «شاد، نیک».
فرزاد	پسر	نژاده، نیک‌زاد	ترکیب «فر» (شکوه) + «زاد».
فرشاد	پسر	باشکوه و شادمان	ترکیب «فر» (شکوه) + «شاد».
فریدون	پسر	از تبارِ نیای پیروزمند	از اوستایی Θraētaona؛ پادشاه اسطوره‌ای که ضحاک را شکست داد.
کاوه	پسر	آهنگر قیام‌کننده‌ی شاهنامه	در شاهنامه با درفش چرمینش بر ضحاک شورید.
کامران	پسر	کامروا، دارای کام	ترکیب پارسی «کام» + «ران».
کامیار	پسر	کامیاب، کامروا	ترکیب پارسی «کام» + «یار».
کیان	پسر	شاهان؛ منسوب به کی (شاه)	از «کی» (اوستایی kauui «شاه»)؛ کیانیان شاهان اسطوره‌ای ایران‌اند.
کیخسرو	پسر	شاهِ نیک‌نام	از اوستایی Kauui Haosrauuah؛ شاه آرمانی شاهنامه.
کیقباد	پسر	نخستین شاه کیانی	نام شاه نخستین کیانیان در شاهنامه؛ از «کی» (شاه) + «قباد».
کیهان	هر دو	جهان، گیتی	از پارسی میانه gēhān «جهان».
کوروش	پسر	نام بنیان‌گذار شاهنشاهی هخامنشی	از پارسی باستان Kūruš؛ در معنای آن میان پژوهشگران گفتگوست.
گرشاسب	پسر	دارنده‌ی اسبِ نیرومند	از اوستایی Kərəsāspa؛ پهلوان اسطوره‌ای.
مهرداد	پسر	داده‌ی مهر	از پارسی باستان Mithradāta: Mithra «مهر» + dāta «داده».
مهران	پسر	از تبار مهر، مهرورز	از پارسی میانه Mihrān؛ نام خاندانی اشکانی.
مهر	هر دو	پیمان، دوستی؛ خورشید	از اوستایی Miθra «پیمان»؛ ایزدِ پیمان و روشنایی و نام ماه هفتم.
نریمان	پسر	دارای دلِ مردانه	از اوستایی Nairimanah: nairya «مردانه» + manah «دل، اندیشه»؛ نیای رستم در شاهنامه.
نوید	پسر	مژده، خبر خوش	واژه‌ی پارسی از پارسی میانه nawēd.
هامون	پسر	دشتِ هموار، دریاچه‌ی فصلی	از پارسی میانه hāmūn «دشتِ هموار».
هرمز	پسر	خداوندِ دانا	از اوستایی Ahura Mazdā و پارسی میانه Ohrmazd.
هوشنگ	پسر	دارنده‌ی خانه‌ی نیک	از اوستایی Haošiiaŋha (بر پایه‌ی یک خوانش)؛ دومین شاه اسطوره‌ای شاهنامه.
هومن	پسر	اندیشه‌ی نیک	از اوستایی Vohu Manah؛ همان «بهمن».
هیربد	پسر	روحانی زرتشتی	از پارسی میانه hērbed.
یاور	پسر	یار، کمک‌کار	از پارسی «یار» + «ور».
یزدان	پسر	خدا، آفریدگار	از پارسی میانه yazdān «ایزدان».
آتوسا	دختر	شاهدخت هخامنشی	نام دختر کوروش بزرگ و همسر داریوش؛ در ریشه‌ی آن گفتگوست.
آذین	دختر	آراسته، زیور	واژه‌ی پارسی از پارسی میانه āʾēn «آیین، آرایش».
آرام	هر دو	آسوده، بی‌جنبش	واژه‌ی پارسی «آرام».
آرزو	دختر	خواسته‌ی دل	از پارسی میانه ārzōg.
آرمیتا	دختر	فروتنی، پارسایی؛ زمین	از اوستایی Spəṇta Ārmaiti، ایزدبانوی زمین و فروتنی.
آریانا	دختر	آریایی	صورت مؤنث «آریا».
آزاده	دختر	رها، آزاد	از پارسی «آزاد» + پسوند «ه».
آسمان	هر دو	فلک، گردون	از اوستایی asman «آسمان».
آفرین	دختر	تحسین، شاباش	از پارسی میانه āfrīn «ستایش».
آناهید	دختر	پاک، بی‌آلایش	از اوستایی Anāhitā «بی‌آلایش»؛ ایزدبانوی آب‌ها.
آناهیتا	دختر	پاک، بی‌آلایش	از اوستایی Arədvī Sūrā Anāhitā؛ ایزدبانوی آب‌های بزرگ.
آوا	دختر	صدا، نوا	واژه‌ی پارسی.
ارغوان	دختر	درخت ارغوان؛ رنگ سرخ‌بنفش	واژه‌ی پارسی از پارسی میانه arγawān.
ارمغان	هر دو	هدیه، پیشکش	واژه‌ی پارسی.
افسانه	دختر	داستان، قصه	از پارسی میانه afsānag.
افسون	دختر	جادو، ورد	از پارسی میانه afsōn.
اندیشه	دختر	تفکر، خرد	واژه‌ی پارسی از «اندیش».
باران	دختر	بارش	واژه‌ی پارسی از پارسی میانه wārān.
بانو	دختر	خانم، بانوی خانه	از پارسی میانه bānūg.
بهاره	دختر	بهاری، منسوب به بهار	برگرفته از «بهار».
بهدخت	دختر	دخترِ نیک	ترکیب «به» (نیک) + «دخت» (دختر).
بهناز	دختر	نیک‌ناز، زیبا	ترکیب «به» + «ناز».
بهنوش	دختر	نوشِ نیک، شیرین	ترکیب «به» + «نوش».
بیتا	دختر	بی‌همتا، یگانه	از «بی‌تا» به‌معنای بی‌همتا.
پرستو	دختر	پرنده‌ی بهاری	واژه‌ی پارسی؛ نماد بهار و بازگشت.
پروانه	دختر	حشره‌ی زیبا، پروانه	واژه‌ی پارسی.
پروین	دختر	خوشه‌ی ستارگان ثریا	از پارسی میانه parwēn.
پری	دختر	موجود زیبای افسانه‌ای	از اوستایی pairikā و پارسی میانه parīg.
پریسا	دختر	پری‌گونه، چون پری	از «پری» + «سا» (مانند).
پریناز	دختر	نازِ پری، زیبا	ترکیب «پری» + «ناز».
پگاه	دختر	بامداد، سپیده‌دم	واژه‌ی پارسی.
تابان	دختر	درخشان، روشن	از مصدر «تابیدن».
تارا	دختر	ستاره	صورتی از «ستاره»؛ همریشه با اوستایی star-.
ترانه	دختر	سرود، آواز	واژه‌ی پارسی.
جهان	هر دو	گیتی، دنیا	از پارسی میانه gēhān.
دریا	دختر	دریا، آب‌های بزرگ	از پارسی میانه drayāb.
دلارام	دختر	آرام‌بخش دل	ترکیب «دل» + «آرام».
دنا	دختر	دانا	واژه‌ی پارسی «دانا»؛ دنا نام قله‌ای در رشته‌کوه زاگرس نیز هست.
دیبا	دختر	پارچه‌ی ابریشمی گران‌بها	واژه‌ی پارسی از پارسی میانه dēbāg.
رخشان	دختر	درخشان	از اوستایی raoxšna «روشن».
رها	دختر	آزاد، آزادشده	از مصدر «رهیدن».
رودابه	دختر	مادر رستم	در شاهنامه دختر شاه کابل و مادر رستم؛ نام او برگرفته از شاهنامه است.
روژین	دختر	روشنایی، روز	کردی (از ایرانی نو): «روژ» به‌معنی روز.
روشنک	دختر	روشن، ستاره‌ی کوچک	از پارسی باستان Rauxšnā «روشن»؛ نامِ همسر اسکندر (Roxana).
زرین	دختر	زرین، طلایی	از «زر» (طلا) + «ین».
زیبا	دختر	خوش‌چهره، دلپذیر	واژه‌ی پارسی.
ژاله	دختر	شبنم، قطره‌ی باران	واژه‌ی پارسی.
سایه	دختر	سایه، پناه	از پارسی میانه sāyag.
سپیده	دختر	بامداد، سپیده‌دم	از «سپید» (روشن) + «ه».
ستاره	دختر	ستاره	از پارسی میانه stārag.
سروناز	دختر	نازِ سرو، بلندقامت	ترکیب «سرو» + «ناز».
سرو	دختر	درخت سرو؛ نماد آزادگی	واژه‌ی پارسی؛ سرو در فرهنگ ایرانی نماد آزادگی و پایداری است.
سمن	دختر	گل یاس، یاسمن	واژه‌ی پارسی از پارسی میانه saman.
سیمین	دختر	سیمین، نقره‌گون	از «سیم» (نقره) + «ین».
شادی	دختر	شادمانی	واژه‌ی پارسی.
شبنم	دختر	قطره‌ی ژاله بر برگ‌ها	ترکیب «شب» + «نم».
شهرزاد	دختر	نژاده، آزادنژاد	از پارسی میانه Čehrāzād: čehr «نژاد» + āzād «آزاده» (بر پایه‌ی یک خوانش)؛ قهرمان «هزار و یک شب».
شهناز	دختر	نازِ شاهانه	ترکیب «شاه» + «ناز».
شیرین	دختر	شیرین‌کام؛ دلداده‌ی خسرو	واژه‌ی پارسی؛ معشوقه‌ی خسرو پرویز در خسرو و شیرین.
فرانک	دختر	مادر فریدون	نام مادر فریدون در شاهنامه.
فرزانه	دختر	دانا، خردمند	از پارسی میانه frazānag.
فروزان	دختر	روشن، درخشان	از مصدر «فروختن/افروختن».
فروغ	دختر	روشنی، پرتو	از پارسی میانه frōγ.
فریبا	دختر	زیبا و دلفریب	واژه‌ی پارسی از «فریب».
گلاب	دختر	عرق گل	از «گل» + «آب».
گلنار	دختر	گل انار	ترکیب «گل» + «نار» (انار).
گلشن	دختر	گلستان، باغ گل	ترکیب «گل» + «شن» (جایگاه).
گیسو	دختر	موی بلند	واژه‌ی پارسی.
لاله	دختر	گل لاله	واژه‌ی پارسی.
مروارید	دختر	مروارید، دُرّ	از پارسی میانه murwārīd.
مژگان	دختر	مژه‌ها	واژه‌ی پارسی.
مهتاب	دختر	نور ماه	ترکیب «مه» (ماه) + «تاب».
مهرانگیز	دختر	برانگیزنده‌ی مهر	ترکیب «مهر» + «انگیز».
مهربانو	دختر	بانوی مهربان	ترکیب «مهر» + «بانو».
مهرناز	دختر	نازِ مهر، زیبا	ترکیب «مهر» + «ناز».
مهرنوش	دختر	نوشِ مهر	ترکیب «مهر» + «نوش».
مهسا	دختر	ماه‌سان، چون ماه	ترکیب «مه» + «سا» (مانند).
مهشید	دختر	ماهِ درخشان	ترکیب «مه» + «شید» (درخشان).
مهناز	دختر	ماهِ نازنین	ترکیب «مه» + «ناز».
ماه	دختر	ماه آسمان	از اوستایی māŋha «ماه».
ماهک	دختر	ماهِ کوچک	از «ماه» + «ک» (کوچکی).
ماهرخ	دختر	ماه‌روی	ترکیب «ماه» + «رخ».
مینا	دختر	شیشه‌ی آبی؛ بهشت	از پارسی میانه mēnōg «معنوی، بهشتی».
مینو	دختر	بهشت، جهان معنوی	از پارسی میانه mēnōg و اوستایی mainyu.
ناهید	دختر	ستاره‌ی زهره؛ ایزدبانوی آب‌ها	از پارسی میانه Anāhīd.
نازگل	دختر	گلِ نازنین	ترکیب «ناز» + «گل».
نازنین	دختر	نازک و دلربا	واژه‌ی پارسی برگرفته از «ناز».
نسترن	دختر	گل نسترن	واژه‌ی پارسی.
نگار	دختر	تصویر، زیباروی	از پارسی میانه nigār «نقش».
نگارین	دختر	نگارین، زیبا و آراسته	از «نگار» + «ین».
نگین	دختر	سنگ گران‌بها، انگشتری	واژه‌ی پارسی.
نوشین	دختر	شیرین، دلپذیر	از «نوش» + «ین».
نوشا	دختر	شیرین	از «نوش» (شیرین، از اوستایی anuša «بی‌مرگ»).
نیکی	دختر	خوبی	واژه‌ی پارسی.
هستی	دختر	وجود، جهان	از مصدر «هستن».
هما	دختر	پرنده‌ی خجسته، مرغ سعادت	از پارسی میانه humāy؛ پرنده‌ی افسانه‌ای که سایه‌اش خوش‌یُمن است.
یسنا	دختر	ستایش، نیایش	از اوستایی yasna «ستایش».
یگانه	دختر	بی‌همتا	واژه‌ی پارسی.
